<?xml version="1.0" encoding="UTF-8"?>
<domain-models xmlns="http://axelor.com/xml/ns/domain-models" xmlns:xsi="http://www.w3.org/2001/XMLSchema-instance"
	xsi:schemaLocation="http://axelor.com/xml/ns/domain-models
  http://axelor.com/xml/ns/domain-models/domain-models_5.0.xsd">

	<module name="axelor-event" package="com.axelor.event.db" />

	<entity name="Address">
		<string name="importId" title="ImportId"></string>
		<string name="flat" title="Flat/House No." />
		<string name="street" title="Street" />
		<string name="landmark" title="Landmark" />
		<string name="city" title="City"/>
		<string name="country" title="Country"/>
		<string name="fullAddress" namecolumn="true" readonly="true">
			<![CDATA[		 
		return (flat == null || city == null || street == null||  landmark == null || country == null) ? 
		" " : 
		"Flat:" + flat + " " + "Street :" + street + " " + "Landmark:" + landmark + " " + "City :" + city + " "+"Country:" + country ;
   		 	]]>
		</string>

	</entity>


</domain-models>
