<?xml version="1.0" encoding="UTF-8"?>
<domain-models xmlns="http://axelor.com/xml/ns/domain-models" xmlns:xsi="http://www.w3.org/2001/XMLSchema-instance"
	xsi:schemaLocation="http://axelor.com/xml/ns/domain-models
  http://axelor.com/xml/ns/domain-models/domain-models_5.0.xsd">

	<module name="axelor-event" package="com.axelor.event.db" />

	<entity name="EventRegistration">
		<string name="importId" title="ImportId"></string>
		<many-to-one name="event" title="Event" ref="com.axelor.event.db.Event"/>
		<string name="name" title="Name"/>
		<string name="email" title="Email"/>
		<many-to-one name="address" title="Address" ref="com.axelor.event.db.Address"/>
		<datetime name="registrationDate" title="Registration Date" />	
		<decimal name="amount" title="Amount" readonly="true"/>
	</entity>


</domain-models>
