<?xml version="1.0" encoding="UTF-8"?>
<domain-models xmlns="http://axelor.com/xml/ns/domain-models" xmlns:xsi="http://www.w3.org/2001/XMLSchema-instance"
	xsi:schemaLocation="http://axelor.com/xml/ns/domain-models
  http://axelor.com/xml/ns/domain-models/domain-models_5.0.xsd">

	<module name="axelor-event" package="com.axelor.event.db" />

	<entity name="Event">
		<string name="importId" title="ImportId"></string>
		<string name="reference" title="Reference" namecolumn="true" />
		<datetime name="startDate" title="Start Date" />
		<datetime name="endDate" title="End Date" />
		<many-to-one name="venue" title="Venue" ref="com.axelor.event.db.Address"/>
		<date name="registrationOpen" title="Registration open"/>
		<date name="registrationClose" title="Registration Close"/>
		<integer name="capacity" title="Capacity"/>
		<decimal name="eventFees" title="Event Fees"/>
		<string name="description" title="Description" large="true"/>
		<one-to-many name="discountsList" title="Discounts" ref="com.axelor.event.db.Discount"/>
		<one-to-many name="eventRegistrationList" title="Event Registrations" ref="com.axelor.event.db.EventRegistration"/>
		<integer name="totalEntry" title="Total Entry" readonly="true"/>
		<decimal name="amountCollected" title="Amount Collected" readonly="true"/>
		<decimal name="totalDiscount" title="Total Discount" readonly="true"/>

	</entity>


</domain-models>
